Synset('blaze_away.v.02')	He <b>blazed</b> away at the men.	gun	open_fire, fire	overshoot	pump	sharpshoot, snipe
Synset('blaze.v.04')	The spaceship <b>blazed</b> out into space.	roar_off	sally_forth, sally_out	take_off, lift_off
Synset('blister.v.02')	The Senator <b>blistered</b> the administration in his speech on Friday.	abuse, clapperclaw, blackguard, shout	bombard, barrage	claw	rip	rubbish	vitriol	whang
Synset('boost.v.02')	The tax cut will <b>boost</b> the economy.	augment	blow_up, enlarge, magnify	boost, advance, supercharge	build_up	build_up, work_up, build, ramp_up	enlarge	escalate, intensify, step_up	extend, stretch	heighten, rise	heighten	inflate, blow_up, expand, amplify	kite	lengthen	maximize, maximise	multiply, manifold	raise	regenerate	rev_up, step_up	rev_up, rev	up	widen, broaden, extend
Synset('cloud.v.06')	The stroke <b>clouded</b> memories of her youth.	accelerate, speed, speed_up	acerbate	acetylate, acetylize, acetylise	achromatize, achromatise	activate	activate	activate, aerate	activate	adjust, set, correct	affect, impact, bear_upon, bear_on, touch_on, touch	affect	age	alchemize, alchemise	alcoholize, alcoholise	alkalinize, alkalinise	allegorize, allegorise	alter	Americanize, Americanise	angulate	animize, animise, animate	antiquate	antique, antiquate	archaize, archaise	arterialize, arterialise	ash	assimilate	automatize, automatise	automatize, automatise, automate	awaken, wake, waken, rouse, wake_up, arouse	barb	barbarize, barbarise	bestialize, bestialise	better, improve, amend, ameliorate, meliorate	blind	blister	blunt	blur	blur, blear	boil	break, break_up	break_down, crush	brighten, lighten_up, lighten	bring	bring, land	brutalize, brutalise, animalize, animalise	bubble	calcify	camp	capture	cause_to_sleep	centralize, centralise, concentrate	change_intensity	change_taste	charge	charge	chasten, moderate, temper	check, retard, delay	circularize	civilize, civilise	clarify	classicize, classicise	clean, make_clean	clear	clot, coagulate	coarsen	coarsen	cohere	color, colorize, colorise, colourise, colourize, colour, color_in, colour_in	commercialize, commercialise, market	communize, communise, bolshevize, bolshevise	commute, convert, exchange	complicate, perplex	complicate, refine, rarify, elaborate	condense, concentrate, contract	confuse, blur, obscure, obnubilate	constitutionalize, constitutionalise	contaminate	conventionalize, conventionalise	convert, change_over	convert	convert	cook	cool, chill, cool_down	corrupt, pervert, subvert, demoralize, demoralise, debauch, debase, profane, vitiate, deprave, misdirect	counterchange, transpose, interchange	crack	cry	customize, customise	damage	darken	de-emphasize, de-emphasise, destress	deaden	deaden, blunt	deaminate, deaminize	decarboxylate	decelerate, slow_down	decentralize, deconcentrate, decentralise	decimalize, decimalise	decorate, adorn, grace, ornament, embellish, beautify	decrease, lessen, minify	decrepitate	deflate	deform	dehydrogenate	demagnetize, demagnetise, degauss	demist, defog	democratize, democratise	demonize, demonise	demulsify	demythologize, demythologise	denationalize, denationalise	denaturalize, denaturalise	denaturalize, denaturalise	denature	denature	denature	deodorize, deodorise, deodourise	depersonalize, depersonalise, objectify	depolarize, depolarise	desensitize, desensitise	desensitize, desensitise	destabilize, destabilise	detransitivize, detransitivise, intransitivize, intransitivise	devalue	develop, make_grow	develop	devilize, devilise, diabolize, diabolise	digitize, digitise, digitalize, digitalise	dinge	dirty, soil, begrime, grime, colly, bemire	disable, disenable, incapacitate	discolor	disharmonize, dissonate	disintegrate	disorder, disarray	disqualify, unfit, indispose	dissimilate	dissolve	dissolve, dismiss	diversify	dizzy	domesticate, domesticize, domesticise, reclaim, tame	dope	draw	dry, dry_out	dull	dull, blunt	dynamize, dynamise	dynamize, dynamise	ease_up, ease_off, let_up	edit, redact	edit, cut, edit_out	embrittle	empty	emulsify	enable	end, terminate	equal, match, equalize, equalise, equate	eroticize, sex_up	estrange, alienate, alien, disaffect	etherealize, etherialise	etiolate	etiolate	Europeanize, Europeanise	Europeanize, Europeanise	evaporate, vaporise	even, even_out	excite, energize, energise	excite	extend, expand	exteriorize, exteriorise, externalize, externalise, objectify	fatten, fat, flesh_out, fill_out, plump, plump_out, fatten_out, fatten_up	feminize, feminise, effeminize, effeminise, womanize	fertilize, fecundate, fertilise	fill, fill_up, make_full	fix, prepare, set_up, ready, gear_up, set	flatten, drop	flocculate	freeze	Frenchify	full	gelatinize, gelatinise	glamorize, glamourise, glamourize, glamorise	glorify	habituate, accustom	harmonize, harmonise, chord	harshen	heat, heat_up	hue	humanize, humanise	humble	hydrogenate	immaterialize, immaterialise, unsubstantialize, unsubstantialise	immortalize, immortalise, eternize, eternise, eternalize, eternalise	inactivate, deactivate	incandesce	increase	indispose	industrialize, industrialise	inflate	inform	inseminate, fecundate, fertilize, fertilise	insulate	intensify	internationalize, internationalise	introvert	invalidate, void, vitiate	invert	iodinate	ionate	Islamize, Islamise	isomerize, isomerise	laicize, laicise	legitimate	lend, impart, bestow, contribute, add, bring	liberalize, liberalise	lifehack	lift, raise, elevate	liquefy, liquify, liquidize, liquidise	loosen, loose	loosen	louden	lower, depress	lubricate	magnetize, magnetise	make, get	make	make	mark	masculinize	masculinize, masculinise, virilize, virilise	mechanize, mechanise	mechanize, mechanise	militarize, militarise	militarize, militarise	mince, soften, moderate	mix, mingle, commix, unify, amalgamate	morph	muddy	mythologize, mythologise, mythicize, mythicise	nationalize, nationalise	nationalize, nationalise	naturalize, naturalise	naturalize, naturalise	nazify	neutralize	neutralize, neutralise	nick	normalize, normalise, renormalize, renormalise	obfuscate	obscure, bedim, overcloud	obscure, blot_out, obliterate, veil, hide	occidentalize, occidentalise, westernize, westernise	officialize, officialise	opacify	opalize, opalise	opsonize	orientalize, orientalise	ossify	outmode	oxidize, oxidise, oxidate	oxygenize, oxygenise	paganize, paganise	pall	parallel, collimate	patent	personalize, personalise, individualize, individualise	piggyback	plasticize, plasticise	poison, envenom	polarize, polarise	politicize, politicise	port	professionalize, professionalise	proof	prostrate	purify, purge, sanctify	put	radicalize	rarefy	rarefy, sublimate, subtilize	rationalize, rationalise	recombine	recommend	reconstruct	refine	reflate	reform, reclaim, regenerate, rectify	refresh, freshen, refreshen	relax, loosen	remodel, reconstruct, redo	restore, reinstate, reestablish	revolutionize, revolutionise, overturn	right, compensate, redress, correct	right	ripen, mature	romanticize, romanticise	round_off, round_down, round_out, round	rusticate	sanitize, sanitise	saponify	saturate	sauce	schematize, schematise	scramble	sensitize, sensitise, sensify, sensibilize, sensibilise	sensitize, sensitise	sensitize, sensitise	sentimentalize, sentimentalise	set	sexualize, sexualise	shade	shake	shallow, shoal	shape, form	sharpen	sharpen	shift	shorten	simplify	slenderize, slenderise	smut	sober	socialize, socialise	soften	solemnize, solemnise	solvate	spice, spice_up	spike, lace, fortify	sputter	stabilize, stabilise	stain	steepen	stiffen	still	straighten, straighten_out	strengthen, beef_up, fortify	string	substitute, replace, interchange, exchange	suburbanize, suburbanise	supercharge, pressurize, pressurise	supple	suspend	suspend, set_aside	sweeten	switch, change_over, shift	symmetrize, symmetrise	synchronize, synchronise	tame, chasten, subdue	tender, tenderize, tenderise	tense	territorialize, territorialise	thicken, inspissate	think	tighten, fasten	tone_down, moderate, tame	touch, disturb	transaminate	transfigure, glorify, spiritualize	transform	transform, transmute, transubstantiate	transform	transform	transform	transitivize, transitivise	translate, transform	transmute	transpose	turn	turn_back, invert, reverse	uglify	unclutter, clear	uniformize, uniformise	unite, unify	unite, unify, merge	unsanctify	unscramble	unsex	untie, undo, loosen	untune	urbanize, urbanise	urbanize, urbanise	validate	variegate	vascularize, vascularise	ventilate	verbify	vesiculate	visualize, visualise	vitalize, vitalise	vitrify	vivify	volatilize, volatilise	vulgarise, vulgarize	warm	weaken	weaponize	wet	widen	worsen, aggravate, exacerbate, exasperate
Synset('design.v.07')	She <b>designed</b> to go far in the world of business.	aim, purpose, purport, propose	plan, be_after
Synset('enfeeble.v.01')	Life in the camp <b>drained</b> him.	blunt	break	cripple, stultify	dampen	de-energize, de-energise	depress	devitalize, devitalise	dilute, thin, thin_out, reduce, cut	emasculate, castrate	enervate	etiolate	neutralize, neutralise, nullify, negate	rarefy, attenuate	shake	temper, season, mollify	unbrace	wash_out
Synset('drain.v.02')	The exercise class <b>drains</b> me of energy.	burn_off, burn, burn_up	indulge, luxuriate	run_down, exhaust, play_out, sap, tire	run_out	spend
Synset('express.v.05')	Many of the laboratory animals <b>express</b> the trait.	incarnate
Synset('fracture.v.02')	These events could <b>fracture</b> the balance of power.	demolish, pulverize, pulverise	demyelinate	destruct	dilapidate	disassemble, dismantle, take_apart, break_up, break_apart	end	extinguish, eliminate, get_rid_of, do_away_with	interdict	kill	level, raze, rase, dismantle, tear_down, take_down, pull_down	self-destruct, self-destroy	uproot, eradicate, extirpate, root_out, exterminate	wipe_out, sweep_away
Synset('fracture.v.01')	This writer really <b>fractures</b> the language.	take_in_vain
Synset('gather.v.04')	I <b>gather</b> you have not done your homework.	deduce, infer, deduct, derive	deduce, infer	find, feel	generalize, generalise, extrapolate, infer	induce	syllogize, syllogise
Synset('guard.v.02')	This vaccine will <b>guard</b> you against infection.	body_guard	charm	cover	cover	cover	cover	cover_for	defend, guard, hold	immunize, immunise	insure	keep, preserve	look_out	mothproof	overprotect	safeguard	shield, screen	wall, palisade, fence, fence_in, surround
Synset('gutter.v.02')	Tears <b>guttered</b> down her face.	circulate	drain, run_out	eddy, purl, whirlpool, swirl, whirl	flush	jet, gush	pour	run_down	seep, ooze	spill, run_out	stream, well_out	tide, surge	trickle, dribble, filter	waste, run_off
Synset('lie.v.06')	The fate of Bosnia <b>lies</b> in the hands of the West.	attend, go_to	belong, go	center_on	come	cover, continue, extend	extend, poke_out, reach_out	face	follow	go, lead	inhabit	lie	occupy, fill	populate, dwell, live, inhabit	reach, extend_to, touch	run, go, pass, lead, extend	sit, sit_around	sit	stand_back, keep_one's_eyes_off, keep_one's_distance, keep_one's_hands_off, stay_away	straddle	stretch, stretch_along
Synset('lock.v.06')	He was <b>locked</b> in a laughing fit.	benight	devastate	kill	knock_out	seize, clutch, get_hold_of	stagger
Synset('peep.v.05')	The new moon <b>peeped</b> through the tree tops.	basset, crop_out	break	break_through, come_through	come_on, come_out, turn_up, surface, show_up	come_to_light, come_to_hand	come_to_mind, spring_to_mind	crop_up, pop_up, pop	emerge	emerge	erupt, come_out, break_through, push_through	erupt	flash	flash	leap_out, rush_out, sally_out, burst_forth	manifest	outcrop	pop_out, burst_out	reappear, re-emerge	roll_in	show, show_up	turn_out	wash_up
Synset('pierce.v.02')	The cold <b>pierced</b> her bones.	alienate	awaken	cloud	disturb, upset, trouble	engrave	hit_home, strike_home, strike_a_chord, strike_a_note	impress	impress, ingrain, instill	infect	jar	move	sadden	smite	strike_dumb	surprise	sweep_away, sweep_off	touch, stir	zap
Synset('pour.v.05')	We <b>poured</b> money into the education of our children.	air-cool, air-condition	alphabetize	arm	bed	berth	bewhisker, whisker	border, edge	bottom	brattice	bush	calk	canal, canalize, canalise	capitalize, capitalise	caption	causeway	charge	cleat	coal	computerize, computerise	constitutionalize	copper-bottom	corbel	cornice	costume	crenel, crenelate, crenellate	curtain	dado	date	equip, fit, fit_out, outfit	extend, offer	feed	flood, oversupply, glut	fret	fuel	fuel, fire	fund	furnish	gate	glass, glaze	grate	hat	headline	headquarter	heat	hobnail	hydrate	index	innervate	interleave	joint, articulate	kern	key	leverage	machicolate	match	offer	partner	patch	provision, purvey	pump	rafter	rail	railroad	ramp	reflectorize, reflectorise	retrofit	rim	sanitate	seat	seat	shelter	signalize, signalise	slat	step	stint, skimp, scant	stock	stock	stock, buy_in, stock_up	stock	subtitle	surfeit, cloy	tap	terrace, terrasse	theme	ticket	toggle	tool	top, top_out	transistorize, transistorise	tube	uniform	upholster	victual	water	wharf	wive	yield, give, afford
Synset('pour.v.02')	People were <b>pouring</b> out of the theater.	herd	mass	overcrowd	throng, mob, pack, pile, jam
Synset('rip.v.02')	The tornado <b>ripped</b> along the coast.	
Synset('rip.v.04')	The candidate <b>ripped</b> into his opponent mercilessly.	abuse, clapperclaw, blackguard, shout	blister, scald, whip	bombard, barrage	claw	rubbish	vitriol	whang
Synset('shake.v.07')	I couldn't <b>shake</b> the car that was following me.	break, break_out, break_away	elude, evade, bilk	escape, get_away	run_away	slip
Synset('shake.v.05')	The bad news <b>shook</b> her hopes.	blunt	break	cripple, stultify	dampen	de-energize, de-energise	depress	devitalize, devitalise	dilute, thin, thin_out, reduce, cut	emasculate, castrate	enervate	enfeeble, debilitate, drain	etiolate	neutralize, neutralise, nullify, negate	rarefy, attenuate	temper, season, mollify	unbrace	wash_out
Synset('shipwreck.v.01')	You have <b>shipwrecked</b> my career.	break	undo
Synset('sign.v.05')	He <b>signed</b> his disapproval with a dismissive hand gesture.	address, turn_to	aphorize, aphorise	ask, inquire, enquire	blog	carry, convey, express	come_across, come_over	commune	fingerspell, finger-spell	gesticulate, gesture, motion	get	give, pay	give, throw	give, render	greet	grimace, make_a_face, pull_a_face	inflict, bring_down, visit, impose	inform	issue	joke, jest	network	nod	project	radio	reach, get_through, get_hold_of, contact	riddle	semaphore	share	sign	speak, talk	talk, speak	talk, speak, utter, mouth, verbalize, verbalise	telecommunicate	telepathize, telepathise	whistle	write	write	yak, gab
Synset('stagger.v.04')	She was <b>staggered</b> with bills after she tried to rebuild her house following the earthquake.	benight	devastate	kill	knock_out	lock	seize, clutch, get_hold_of
Synset('condescend.v.03')	I won't <b>stoop</b> to reading other people's mail.	act_on	alternate, take_turns	antagonize, antagonise, counteract	anticipate, foresee, forestall, counter	attack, aggress	begin, start	behave, acquit, bear, deport, conduct, comport, carry	behave, comport	coact	come_close	come_to_the_fore, step_forward, come_forward, step_up, step_to_the_fore, come_out	condescend	condescend, deign, descend	continue, go_on, proceed, go_along, keep	continue, persist_in	continue	cope, get_by, make_out, make_do, contend, grapple, deal, manage	court	create	dally, toy, play, flirt	dare	deal	dispatch	do_well, had_best	effect	egotrip	evade	exert	finish_up, land_up, fetch_up, end_up, wind_up, finish	force	get_around_to	go, proceed, move	go_ahead, plow_ahead	go_off_half-cocked, go_off_at_half-cock	guard	interact	interrupt, disturb	lord_it_over, queen_it_over, put_on_airs, act_superior	make_a_point, make_sure	make_bold, dare, presume	maneuver, manoeuver, manoeuvre	misbehave, misconduct, misdemean	participate, take_part	partner	perform	perpetrate, commit, pull	play	play	play_it_by_ear	prosecute	prosecute, engage, pursue	race	rampage	react, respond	react, oppose	reciprocate	repeat, take_over	reward, repay, pay_back	rush, hasten, hurry, look_sharp, festinate	satisfice, satisfise	set_about, go_about, approach	sneak	stampede	surprise	take	take_care	take_time_by_the_forelock	try, seek, attempt, essay, assay	use	volunteer, offer	wait, hold_off, hold_back	woo, court, romance, solicit
Synset('talk.v.01')	Actions <b>talk</b> louder than words.	address, turn_to	aphorize, aphorise	ask, inquire, enquire	blog	carry, convey, express	come_across, come_over	commune	fingerspell, finger-spell	gesticulate, gesture, motion	get	give, pay	give, throw	give, render	greet	grimace, make_a_face, pull_a_face	inflict, bring_down, visit, impose	inform	issue	joke, jest	network	nod	project	radio	reach, get_through, get_hold_of, contact	riddle	semaphore	share	sign, signal, signalize, signalise	sign	speak, talk	talk, speak, utter, mouth, verbalize, verbalise	telecommunicate	telepathize, telepathise	whistle	write	write	yak, gab
Synset('tax.v.03')	You are <b>taxing</b> my patience.	overstrain, overextend
Synset('uproot.v.01')	The war <b>uprooted</b> many people.	dislocate	dislodge, bump	evacuate	force_out, crowd_out	transplant, transfer
Synset('uproot.v.02')	The vestiges of political democracy were soon uprooted.	demolish, pulverize, pulverise	demyelinate	destruct	dilapidate	disassemble, dismantle, take_apart, break_up, break_apart	end	extinguish, eliminate, get_rid_of, do_away_with	fracture	interdict	kill	level, raze, rase, dismantle, tear_down, take_down, pull_down	self-destruct, self-destroy	wipe_out, sweep_away
Synset('inflict.v.01')	The principal <b>visited</b> his rage on the students.	address, turn_to	aphorize, aphorise	ask, inquire, enquire	blog	carry, convey, express	come_across, come_over	commune	fingerspell, finger-spell	gesticulate, gesture, motion	get	give, pay	give, throw	give, render	greet	grimace, make_a_face, pull_a_face	inform	issue	joke, jest	network	nod	project	radio	reach, get_through, get_hold_of, contact	riddle	semaphore	share	sign, signal, signalize, signalise	sign	speak, talk	talk, speak	talk, speak, utter, mouth, verbalize, verbalise	telecommunicate	telepathize, telepathise	whistle	write	write	yak, gab
Synset('visit.v.08')	He was <b>visited</b> with a terrible illness that killed him quickly.	blight, plague
Synset('waste.v.01')	He <b>wasted</b> his inheritance on his insincere friends.	abuse	pervert, misuse, abuse	spare	take, occupy, use_up
Synset('answer.v.10')	The steering of my new car <b>answers</b> to the slightest touch.	accept, consent, go_for	accept	accept	answer	bristle	explode	flip, flip_out	greet	notice, acknowledge	overreact	refuse, decline	resist, reject, refuse	respond	stool	treat	wonder, marvel
Synset('attack.v.05')	I <b>attacked</b> the problem as soon as I got out of bed.	auspicate	break_in	come_on	embark, enter	fall	get_cracking, bestir_oneself, get_going, get_moving, get_weaving, get_started, get_rolling	get_to	jump_off	plunge, launch	recommence	strike_out
Synset('blur.v.06')	The distinction between the two theories <b>blurred</b>.	attenuate	collapse	die_down	dull	fade, melt	loosen, relax, loose	melt, disappear, evaporate	pall	pine_away, waste, languish	slacken	slow, slow_down, slow_up, slack, slacken	subside, lessen	wilt
Synset('buzz.v.04')	He <b>buzzed</b> the servant.	beckon	convoke, convene	page
Synset('clap.v.01')	The judge <b>clapped</b> him in jail.	appose	arrange, set_up	barrel	bed	bottle	bucket	butt	cock	coffin	cram	dispose	docket	emplace	emplace	ensconce, settle	glycerolize, glycerolise	ground	imbricate	insert, enclose, inclose, stick_in, put_in, introduce	install, instal, put_in, set_up	intersperse	jar	juxtapose	ladle	lay, put_down, repose	lean	load	marshal	middle	misplace, mislay, lose	misplace	nestle, snuggle	parallelize	park	perch	pigeonhole	pile	pillow, rest	plant, set	plant	poise	position	postpose	prepose	rack_up	recess	recline	replace, put_back	repose	reposition	rest	seat, sit, sit_down	seat	seat	set	set_down	set_down, put_down, place_down	settle, settle_down	shelve	ship	sign	siphon	situate, fix, posit, deposit	sow, seed	space	stand, stand_up, place_upright	step	stratify	superimpose, superpose, lay_over	superpose	tee, tee_up	throw, thrust	throw	trench	underlay	upend
Synset('climb.v.05')	This young man knows how to <b>climb</b> the social ladder.	leapfrog
Synset('wax.v.02')	Sales were <b>climbing</b> after prices were lowered.	accrue	accumulate, cumulate, conglomerate, pile_up, gather, amass	add	add_to	appreciate, apprize, apprise, revalue	broaden	crescendo	explode, irrupt	gain, gather	grow	intensify, compound, heighten, deepen	intensify, deepen	pullulate	pyramid	shoot_up	snowball	spike	swell	wax, full	widen
Synset('tinge.v.01')	My personal feelings <b>color</b> my judgment in this case.	hit, strike	hydrolize, hydrolise	influence, act_upon, work	process, treat	queer, expose, scupper, endanger, peril	redound	repercuss	slam-dunk	stimulate, excite	strike_a_blow	subject	tell_on	trouble, put_out, inconvenience, disoblige, discommode, incommode, bother
Synset('communicate.v.04')	The rooms <b>communicated</b>.	
Synset('convulse.v.01')	The comedian <b>convulsed</b> the crowd.	
Synset('crown.v.02')	The speech <b>crowned</b> the meeting.	
Synset('crown.v.03')	A weather vane <b>crowns</b> the building.	surmount
Synset('dawn.v.02')	The age of computers had <b>dawned</b>.	break_out	bud	erupt, break_out	originate	set_in, kick_in
Synset('deflate.v.04')	The new measures <b>deflated</b> the economy.	accelerate, speed, speed_up	acerbate	acetylate, acetylize, acetylise	achromatize, achromatise	activate	activate	activate, aerate	activate	adjust, set, correct	affect, impact, bear_upon, bear_on, touch_on, touch	affect	age	alchemize, alchemise	alcoholize, alcoholise	alkalinize, alkalinise	allegorize, allegorise	alter	Americanize, Americanise	angulate	animize, animise, animate	antiquate	antique, antiquate	archaize, archaise	arterialize, arterialise	ash	assimilate	automatize, automatise	automatize, automatise, automate	awaken, wake, waken, rouse, wake_up, arouse	barb	barbarize, barbarise	bestialize, bestialise	better, improve, amend, ameliorate, meliorate	blind	blister	blunt	blur	blur, blear	boil	break, break_up	break_down, crush	brighten, lighten_up, lighten	bring	bring, land	brutalize, brutalise, animalize, animalise	bubble	calcify	camp	capture	cause_to_sleep	centralize, centralise, concentrate	change_intensity	change_taste	charge	charge	chasten, moderate, temper	check, retard, delay	circularize	civilize, civilise	clarify	classicize, classicise	clean, make_clean	clear	clot, coagulate	cloud	coarsen	coarsen	cohere	color, colorize, colorise, colourise, colourize, colour, color_in, colour_in	commercialize, commercialise, market	communize, communise, bolshevize, bolshevise	commute, convert, exchange	complicate, perplex	complicate, refine, rarify, elaborate	condense, concentrate, contract	confuse, blur, obscure, obnubilate	constitutionalize, constitutionalise	contaminate	conventionalize, conventionalise	convert, change_over	convert	convert	cook	cool, chill, cool_down	corrupt, pervert, subvert, demoralize, demoralise, debauch, debase, profane, vitiate, deprave, misdirect	counterchange, transpose, interchange	crack	cry	customize, customise	damage	darken	de-emphasize, de-emphasise, destress	deaden	deaden, blunt	deaminate, deaminize	decarboxylate	decelerate, slow_down	decentralize, deconcentrate, decentralise	decimalize, decimalise	decorate, adorn, grace, ornament, embellish, beautify	decrease, lessen, minify	decrepitate	deform	dehydrogenate	demagnetize, demagnetise, degauss	demist, defog	democratize, democratise	demonize, demonise	demulsify	demythologize, demythologise	denationalize, denationalise	denaturalize, denaturalise	denaturalize, denaturalise	denature	denature	denature	deodorize, deodorise, deodourise	depersonalize, depersonalise, objectify	depolarize, depolarise	desensitize, desensitise	desensitize, desensitise	destabilize, destabilise	detransitivize, detransitivise, intransitivize, intransitivise	devalue	develop, make_grow	develop	devilize, devilise, diabolize, diabolise	digitize, digitise, digitalize, digitalise	dinge	dirty, soil, begrime, grime, colly, bemire	disable, disenable, incapacitate	discolor	disharmonize, dissonate	disintegrate	disorder, disarray	disqualify, unfit, indispose	dissimilate	dissolve	dissolve, dismiss	diversify	dizzy	domesticate, domesticize, domesticise, reclaim, tame	dope	draw	dry, dry_out	dull	dull, blunt	dynamize, dynamise	dynamize, dynamise	ease_up, ease_off, let_up	edit, redact	edit, cut, edit_out	embrittle	empty	emulsify	enable	end, terminate	equal, match, equalize, equalise, equate	eroticize, sex_up	estrange, alienate, alien, disaffect	etherealize, etherialise	etiolate	etiolate	Europeanize, Europeanise	Europeanize, Europeanise	evaporate, vaporise	even, even_out	excite, energize, energise	excite	extend, expand	exteriorize, exteriorise, externalize, externalise, objectify	fatten, fat, flesh_out, fill_out, plump, plump_out, fatten_out, fatten_up	feminize, feminise, effeminize, effeminise, womanize	fertilize, fecundate, fertilise	fill, fill_up, make_full	fix, prepare, set_up, ready, gear_up, set	flatten, drop	flocculate	freeze	Frenchify	full	gelatinize, gelatinise	glamorize, glamourise, glamourize, glamorise	glorify	habituate, accustom	harmonize, harmonise, chord	harshen	heat, heat_up	hue	humanize, humanise	humble	hydrogenate	immaterialize, immaterialise, unsubstantialize, unsubstantialise	immortalize, immortalise, eternize, eternise, eternalize, eternalise	inactivate, deactivate	incandesce	increase	indispose	industrialize, industrialise	inflate	inform	inseminate, fecundate, fertilize, fertilise	insulate	intensify	internationalize, internationalise	introvert	invalidate, void, vitiate	invert	iodinate	ionate	Islamize, Islamise	isomerize, isomerise	laicize, laicise	legitimate	lend, impart, bestow, contribute, add, bring	liberalize, liberalise	lifehack	lift, raise, elevate	liquefy, liquify, liquidize, liquidise	loosen, loose	loosen	louden	lower, depress	lubricate	magnetize, magnetise	make, get	make	make	mark	masculinize	masculinize, masculinise, virilize, virilise	mechanize, mechanise	mechanize, mechanise	militarize, militarise	militarize, militarise	mince, soften, moderate	mix, mingle, commix, unify, amalgamate	morph	muddy	mythologize, mythologise, mythicize, mythicise	nationalize, nationalise	nationalize, nationalise	naturalize, naturalise	naturalize, naturalise	nazify	neutralize	neutralize, neutralise	nick	normalize, normalise, renormalize, renormalise	obfuscate	obscure, bedim, overcloud	obscure, blot_out, obliterate, veil, hide	occidentalize, occidentalise, westernize, westernise	officialize, officialise	opacify	opalize, opalise	opsonize	orientalize, orientalise	ossify	outmode	oxidize, oxidise, oxidate	oxygenize, oxygenise	paganize, paganise	pall	parallel, collimate	patent	personalize, personalise, individualize, individualise	piggyback	plasticize, plasticise	poison, envenom	polarize, polarise	politicize, politicise	port	professionalize, professionalise	proof	prostrate	purify, purge, sanctify	put	radicalize	rarefy	rarefy, sublimate, subtilize	rationalize, rationalise	recombine	recommend	reconstruct	refine	reflate	reform, reclaim, regenerate, rectify	refresh, freshen, refreshen	relax, loosen	remodel, reconstruct, redo	restore, reinstate, reestablish	revolutionize, revolutionise, overturn	right, compensate, redress, correct	right	ripen, mature	romanticize, romanticise	round_off, round_down, round_out, round	rusticate	sanitize, sanitise	saponify	saturate	sauce	schematize, schematise	scramble	sensitize, sensitise, sensify, sensibilize, sensibilise	sensitize, sensitise	sensitize, sensitise	sentimentalize, sentimentalise	set	sexualize, sexualise	shade	shake	shallow, shoal	shape, form	sharpen	sharpen	shift	shorten	simplify	slenderize, slenderise	smut	sober	socialize, socialise	soften	solemnize, solemnise	solvate	spice, spice_up	spike, lace, fortify	sputter	stabilize, stabilise	stain	steepen	stiffen	still	straighten, straighten_out	strengthen, beef_up, fortify	string	substitute, replace, interchange, exchange	suburbanize, suburbanise	supercharge, pressurize, pressurise	supple	suspend	suspend, set_aside	sweeten	switch, change_over, shift	symmetrize, symmetrise	synchronize, synchronise	tame, chasten, subdue	tender, tenderize, tenderise	tense	territorialize, territorialise	thicken, inspissate	think	tighten, fasten	tone_down, moderate, tame	touch, disturb	transaminate	transfigure, glorify, spiritualize	transform	transform, transmute, transubstantiate	transform	transform	transform	transitivize, transitivise	translate, transform	transmute	transpose	turn	turn_back, invert, reverse	uglify	unclutter, clear	uniformize, uniformise	unite, unify	unite, unify, merge	unsanctify	unscramble	unsex	untie, undo, loosen	untune	urbanize, urbanise	urbanize, urbanise	validate	variegate	vascularize, vascularise	ventilate	verbify	vesiculate	visualize, visualise	vitalize, vitalise	vitrify	vivify	volatilize, volatilise	vulgarise, vulgarize	warm	weaken	weaponize	wet	widen	worsen, aggravate, exacerbate, exasperate
Synset('devour.v.01')	Fire had <b>devoured</b> our home.	break, bust	break	burn, fire, burn_down	bust_up, wreck, wrack	consume	do_a_job_on	explode	get	harry, ravage	kick_in, kick_down	lay_waste_to, waste, devastate, desolate, ravage, scourge	rape, spoil, despoil, violate, plunder	shipwreck	subvert	vandalize, vandalise	wash_out
Synset('devour.v.02')	She <b>devoured</b> his novels.	feast_one's_eyes
Synset('digest.v.05')	The government <b>digested</b> the entire law into a code.	codify
Synset('submerge.v.02')	I was <b>drowned in</b> work.	blanket	bloody	carpet	clothe, cloak, drape, robe	coat, cake	flood	glaciate	grass, grass_over	mantle	mist, mist_over	shroud	smother	strew
Synset('dull.v.07')	Middle age <b>dulled</b> her appetite for travel.	attenuate	blur, dim, slur	collapse	die_down	fade, melt	loosen, relax, loose	melt, disappear, evaporate	pall	pine_away, waste, languish	slacken	slow, slow_down, slow_up, slack, slacken	subside, lessen	wilt
Synset('emerge.v.03')	Some nice results <b>emerged</b> from the study.	basset, crop_out	break	break_through, come_through	come_on, come_out, turn_up, surface, show_up	come_to_light, come_to_hand	come_to_mind, spring_to_mind	crop_up, pop_up, pop	emerge	erupt, come_out, break_through, push_through	erupt	flash	flash	leap_out, rush_out, sally_out, burst_forth	manifest	outcrop	peep	pop_out, burst_out	reappear, re-emerge	roll_in	show, show_up	turn_out	wash_up
Synset('flash.v.04')	The latest intelligence is <b>flashed</b> to all command posts.	breathe	express, show, evince	hint, suggest	look	mean, intend	say	thank, give_thanks
Synset('float.v.05')	The dancer <b>floated</b> across the stage.	accompany	advance, progress, pass_on, move_on, march_on, go_on	angle	ascend, go_up	automobile	back	bang	beetle	betake_oneself	billow	bounce, jounce	breeze	caravan	career	carry	circle	circle, circulate	circuit	circulate	come, come_up	come	crawl, creep	cruise	derail, jump	descend, fall, go_down, come_down	do	drag	draw	drive, motor	drive	ease	fall	fall	ferry	float, drift, be_adrift, blow	float, swim	flock	fly, wing	fly	follow	follow, travel_along	forge, spurt, spirt	get_around, get_about	ghost	glide	go_around, spread, circulate	hiss, whoosh	hurtle	island_hop	lance	lurch	outflank, go_around	pace	pan	pass, go_through, go_across	pass_over, overfly	play	plow, plough	prance	precede, lead	precess	proceed, go_forward, continue	propagate	pursue, follow	push	raft	repair, resort	retreat	retrograde	return	ride, sit	ride	ride	rise, lift, arise, move_up, go_up, come_up, uprise	roll, wander, swan, stray, tramp, roam, cast, ramble, rove, range, drift, vagabond	round	run	run	rush, hotfoot, hasten, hie, speed, race, pelt_along, rush_along, cannonball_along, bucket_along, belt_along, step_on_it	scramble	seek	shuttle	sift	ski	slice_into, slice_through	slither, slide	snowshoe	speed	steamer, steam	step	step, tread	step	stray, err, drift	swap	swash	swim	swim	swing	taxi	trail, shack	tram	transfer, change	travel, journey	travel	travel, move_around	travel_by, pass_by, surpass, go_past, go_by, pass	travel_purposefully	travel_rapidly, speed, hurry, zip	trundle	turn, move_around	walk	walk, take_the_air	weave, wind, thread, meander, wander	wend	wheel, roll	whine	whish	whisk	whistle	withdraw, retreat, pull_away, draw_back, recede, pull_back, retire, move_back	zigzag, crank	zoom
Synset('flow.v.01')	The crowd <b>flowed</b> out of the stadium.	arouse, stir	assume, take, strike, take_up	beat, pound, thump	beat, flap	bob	bolt	brush, sweep	buck, jerk, hitch	bustle, bustle_about, hustle	cant, cant_over, tilt, slant, pitch	careen, wobble, shift, tilt	chop	churn, boil, moil, roil	climb	close	close, come_together	crash	cut	cut_to	dance	dance, trip_the_light_fantastic, trip_the_light_fantastic_toe	dance	diverge	dodge	dodge	drop_back	duck	exit, go_out, get_out, leave	falter, waver	fidget	flex, bend	flinch, squinch, funk, cringe, shrink, wince, recoil, quail	fling	flip, twitch	flurry	fly	get_down	grab	gravitate	heave	hit_the_dirt, hit_the_deck	hop	hop_on, mount, mount_up, get_on, jump_on, climb_on, bestride	jerk, twitch	jolt, jar	jump, leap, bound, spring	jump, leap, jump_off	linger, dawdle	list, lean	lunge, hurl, hurtle, thrust	lurch, pitch, shift	make_way	mill, mill_about, mill_around	mope, mope_around	move_back_and_forth	move_involuntarily, move_reflexively	move_over, give_way, give, ease_up, yield	nod	pulsate, beat, quiver	putter, potter, potter_around, putter_around	quicken	reach, reach_out	reciprocate	roll, undulate, flap, wave	run, flow, feed, course	seesaw	separate, part, split	shake, agitate	sidle	sidle, sashay	slip	snap, click	snap	snap, click, flick	spread, propagate	startle, jump, start	steal, slip	stir, shift, budge, agitate	streak	stretch, stretch_out	strike_out	stumble, trip	sweep, sail	swoop	teeter, seesaw, totter	throw	thunder	turn	turn	vibrate	wallow, welter	wamble, waggle	whirl, tumble, whirl_around	wobble, coggle	writhe, wrestle, wriggle, worm, squirm, twist
Synset('gag.v.01')	The press was <b>gagged</b>.	lull, calm_down	shout_down	shush
Synset('glare.v.03')	The sun <b>glared</b> down on us.	beacon	beat_down	blaze	burn, glow	flare, flame	flicker, flick	outshine	shimmer	twinkle, winkle, scintillate
Synset('glare.v.02')	The moon <b>glared</b> back at itself from the lake's surface.	luminesce	opalesce	resplend	sparkle, scintillate, coruscate
Synset('grab.v.06')	This story will <b>grab</b> you.	
Synset('gravitate.v.01')	The conversation <b>gravitated</b> towards politics.	suffer	take_kindly_to
Synset('grope.v.02')	His mind <b>groped</b> to make the connection.	endeavor, endeavour, strive	fight, struggle	gamble, chance, risk, hazard, take_chances, adventure, run_a_risk, take_a_chance	give_it_a_whirl, give_it_a_try	have_a_go, give_it_a_try	risk, put_on_the_line, lay_on_the_line	take_a_dare, pick_up_the_gauntlet
Synset('hunt.v.05')	The oscillator <b>hunts</b> about the correct frequency.	librate
Synset('inflame.v.04')	The ostentatious way of living of the rich <b>ignites</b> the hatred of the poor.	anger	draw	excite	hurt, wound, injure, bruise, offend, spite	infatuate	interest	invite, ask_for	overwhelm, overpower, sweep_over, whelm, overcome, overtake	prick	rekindle	shame	stimulate, shake, shake_up, excite, stir	strike_a_chord, touch_a_chord	upset, discompose, untune, disconcert, discomfit
Synset('inject.v.02')	He <b>injected</b> new life into the performance.	add_on	adjoin	button	butylate	compound, combine	concatenate	enrich	fortify	gild_the_lily, paint_the_lily	include	intercalate	milk	mix, mix_in	modify, qualify	punctuate, mark	put_on	put_on	string, string_up	stud	supplement	welt	work_in
Synset('juggle.v.03')	She had to <b>juggle</b> her job and her children.	administer, administrate	come_to_grips, get_to_grips	conduct, carry_on, deal	coordinate	direct	dispose_of	mismanage, mishandle, misconduct	organize, organise	process	take_care, mind	touch	work
Synset('bring.v.05')	This may <b>land</b> you in jail.	accelerate, speed, speed_up	acerbate	acetylate, acetylize, acetylise	achromatize, achromatise	activate	activate	activate, aerate	activate	adjust, set, correct	affect, impact, bear_upon, bear_on, touch_on, touch	affect	age	alchemize, alchemise	alcoholize, alcoholise	alkalinize, alkalinise	allegorize, allegorise	alter	Americanize, Americanise	angulate	animize, animise, animate	antiquate	antique, antiquate	archaize, archaise	arterialize, arterialise	ash	assimilate	automatize, automatise	automatize, automatise, automate	awaken, wake, waken, rouse, wake_up, arouse	barb	barbarize, barbarise	bestialize, bestialise	better, improve, amend, ameliorate, meliorate	blind	blister	blunt	blur	blur, blear	boil	break, break_up	break_down, crush	brighten, lighten_up, lighten	bring	brutalize, brutalise, animalize, animalise	bubble	calcify	camp	capture	cause_to_sleep	centralize, centralise, concentrate	change_intensity	change_taste	charge	charge	chasten, moderate, temper	check, retard, delay	circularize	civilize, civilise	clarify	classicize, classicise	clean, make_clean	clear	clot, coagulate	cloud	coarsen	coarsen	cohere	color, colorize, colorise, colourise, colourize, colour, color_in, colour_in	commercialize, commercialise, market	communize, communise, bolshevize, bolshevise	commute, convert, exchange	complicate, perplex	complicate, refine, rarify, elaborate	condense, concentrate, contract	confuse, blur, obscure, obnubilate	constitutionalize, constitutionalise	contaminate	conventionalize, conventionalise	convert, change_over	convert	convert	cook	cool, chill, cool_down	corrupt, pervert, subvert, demoralize, demoralise, debauch, debase, profane, vitiate, deprave, misdirect	counterchange, transpose, interchange	crack	cry	customize, customise	damage	darken	de-emphasize, de-emphasise, destress	deaden	deaden, blunt	deaminate, deaminize	decarboxylate	decelerate, slow_down	decentralize, deconcentrate, decentralise	decimalize, decimalise	decorate, adorn, grace, ornament, embellish, beautify	decrease, lessen, minify	decrepitate	deflate	deform	dehydrogenate	demagnetize, demagnetise, degauss	demist, defog	democratize, democratise	demonize, demonise	demulsify	demythologize, demythologise	denationalize, denationalise	denaturalize, denaturalise	denaturalize, denaturalise	denature	denature	denature	deodorize, deodorise, deodourise	depersonalize, depersonalise, objectify	depolarize, depolarise	desensitize, desensitise	desensitize, desensitise	destabilize, destabilise	detransitivize, detransitivise, intransitivize, intransitivise	devalue	develop, make_grow	develop	devilize, devilise, diabolize, diabolise	digitize, digitise, digitalize, digitalise	dinge	dirty, soil, begrime, grime, colly, bemire	disable, disenable, incapacitate	discolor	disharmonize, dissonate	disintegrate	disorder, disarray	disqualify, unfit, indispose	dissimilate	dissolve	dissolve, dismiss	diversify	dizzy	domesticate, domesticize, domesticise, reclaim, tame	dope	draw	dry, dry_out	dull	dull, blunt	dynamize, dynamise	dynamize, dynamise	ease_up, ease_off, let_up	edit, redact	edit, cut, edit_out	embrittle	empty	emulsify	enable	end, terminate	equal, match, equalize, equalise, equate	eroticize, sex_up	estrange, alienate, alien, disaffect	etherealize, etherialise	etiolate	etiolate	Europeanize, Europeanise	Europeanize, Europeanise	evaporate, vaporise	even, even_out	excite, energize, energise	excite	extend, expand	exteriorize, exteriorise, externalize, externalise, objectify	fatten, fat, flesh_out, fill_out, plump, plump_out, fatten_out, fatten_up	feminize, feminise, effeminize, effeminise, womanize	fertilize, fecundate, fertilise	fill, fill_up, make_full	fix, prepare, set_up, ready, gear_up, set	flatten, drop	flocculate	freeze	Frenchify	full	gelatinize, gelatinise	glamorize, glamourise, glamourize, glamorise	glorify	habituate, accustom	harmonize, harmonise, chord	harshen	heat, heat_up	hue	humanize, humanise	humble	hydrogenate	immaterialize, immaterialise, unsubstantialize, unsubstantialise	immortalize, immortalise, eternize, eternise, eternalize, eternalise	inactivate, deactivate	incandesce	increase	indispose	industrialize, industrialise	inflate	inform	inseminate, fecundate, fertilize, fertilise	insulate	intensify	internationalize, internationalise	introvert	invalidate, void, vitiate	invert	iodinate	ionate	Islamize, Islamise	isomerize, isomerise	laicize, laicise	legitimate	lend, impart, bestow, contribute, add, bring	liberalize, liberalise	lifehack	lift, raise, elevate	liquefy, liquify, liquidize, liquidise	loosen, loose	loosen	louden	lower, depress	lubricate	magnetize, magnetise	make, get	make	make	mark	masculinize	masculinize, masculinise, virilize, virilise	mechanize, mechanise	mechanize, mechanise	militarize, militarise	militarize, militarise	mince, soften, moderate	mix, mingle, commix, unify, amalgamate	morph	muddy	mythologize, mythologise, mythicize, mythicise	nationalize, nationalise	nationalize, nationalise	naturalize, naturalise	naturalize, naturalise	nazify	neutralize	neutralize, neutralise	nick	normalize, normalise, renormalize, renormalise	obfuscate	obscure, bedim, overcloud	obscure, blot_out, obliterate, veil, hide	occidentalize, occidentalise, westernize, westernise	officialize, officialise	opacify	opalize, opalise	opsonize	orientalize, orientalise	ossify	outmode	oxidize, oxidise, oxidate	oxygenize, oxygenise	paganize, paganise	pall	parallel, collimate	patent	personalize, personalise, individualize, individualise	piggyback	plasticize, plasticise	poison, envenom	polarize, polarise	politicize, politicise	port	professionalize, professionalise	proof	prostrate	purify, purge, sanctify	put	radicalize	rarefy	rarefy, sublimate, subtilize	rationalize, rationalise	recombine	recommend	reconstruct	refine	reflate	reform, reclaim, regenerate, rectify	refresh, freshen, refreshen	relax, loosen	remodel, reconstruct, redo	restore, reinstate, reestablish	revolutionize, revolutionise, overturn	right, compensate, redress, correct	right	ripen, mature	romanticize, romanticise	round_off, round_down, round_out, round	rusticate	sanitize, sanitise	saponify	saturate	sauce	schematize, schematise	scramble	sensitize, sensitise, sensify, sensibilize, sensibilise	sensitize, sensitise	sensitize, sensitise	sentimentalize, sentimentalise	set	sexualize, sexualise	shade	shake	shallow, shoal	shape, form	sharpen	sharpen	shift	shorten	simplify	slenderize, slenderise	smut	sober	socialize, socialise	soften	solemnize, solemnise	solvate	spice, spice_up	spike, lace, fortify	sputter	stabilize, stabilise	stain	steepen	stiffen	still	straighten, straighten_out	strengthen, beef_up, fortify	string	substitute, replace, interchange, exchange	suburbanize, suburbanise	supercharge, pressurize, pressurise	supple	suspend	suspend, set_aside	sweeten	switch, change_over, shift	symmetrize, symmetrise	synchronize, synchronise	tame, chasten, subdue	tender, tenderize, tenderise	tense	territorialize, territorialise	thicken, inspissate	think	tighten, fasten	tone_down, moderate, tame	touch, disturb	transaminate	transfigure, glorify, spiritualize	transform	transform, transmute, transubstantiate	transform	transform	transform	transitivize, transitivise	translate, transform	transmute	transpose	turn	turn_back, invert, reverse	uglify	unclutter, clear	uniformize, uniformise	unite, unify	unite, unify, merge	unsanctify	unscramble	unsex	untie, undo, loosen	untune	urbanize, urbanise	urbanize, urbanise	validate	variegate	vascularize, vascularise	ventilate	verbify	vesiculate	visualize, visualise	vitalize, vitalise	vitrify	vivify	volatilize, volatilise	vulgarise, vulgarize	warm	weaken	weaponize	wet	widen	worsen, aggravate, exacerbate, exasperate
Synset('front.v.01')	The house <b>looks</b> north.	back	cap, crest	dominate, command, overlook, overtop	flank	head	intervene	lap	line, run_along	localize, localise, focalize, focalise	look_out_on, look_out_over, overlook, look_across	mediate	nestle	orient, point	precede, predate	ride	slant	top	underlie
Synset('melt.v.06')	Her resistance <b>melted</b> under his charm.	attenuate	blur, dim, slur	collapse	die_down	dull	fade, melt	loosen, relax, loose	pall	pine_away, waste, languish	slacken	slow, slow_down, slow_up, slack, slacken	subside, lessen	wilt
Synset('melt.v.04')	Hundreds of actors were <b>melting</b> into the scene.	absorb	accrete	admix	alloy	blend_in, mix_in	conjugate	gauge	syncretize, syncretise
Synset('mold.v.05')	The dress <b>molds</b> her beautiful figure.	agglutinate	conglutinate
Synset('nod.v.04')	The flowers were <b>nodding</b> in the breeze.	arouse, stir	assume, take, strike, take_up	beat, pound, thump	beat, flap	bob	bolt	brush, sweep	buck, jerk, hitch	bustle, bustle_about, hustle	cant, cant_over, tilt, slant, pitch	careen, wobble, shift, tilt	chop	churn, boil, moil, roil	climb	close	close, come_together	crash	cut	cut_to	dance	dance, trip_the_light_fantastic, trip_the_light_fantastic_toe	dance	diverge	dodge	dodge	drop_back	duck	exit, go_out, get_out, leave	falter, waver	fidget	flex, bend	flinch, squinch, funk, cringe, shrink, wince, recoil, quail	fling	flip, twitch	flow, flux	flurry	fly	get_down	grab	gravitate	heave	hit_the_dirt, hit_the_deck	hop	hop_on, mount, mount_up, get_on, jump_on, climb_on, bestride	jerk, twitch	jolt, jar	jump, leap, bound, spring	jump, leap, jump_off	linger, dawdle	list, lean	lunge, hurl, hurtle, thrust	lurch, pitch, shift	make_way	mill, mill_about, mill_around	mope, mope_around	move_back_and_forth	move_involuntarily, move_reflexively	move_over, give_way, give, ease_up, yield	pulsate, beat, quiver	putter, potter, potter_around, putter_around	quicken	reach, reach_out	reciprocate	roll, undulate, flap, wave	run, flow, feed, course	seesaw	separate, part, split	shake, agitate	sidle	sidle, sashay	slip	snap, click	snap	snap, click, flick	spread, propagate	startle, jump, start	steal, slip	stir, shift, budge, agitate	streak	stretch, stretch_out	strike_out	stumble, trip	sweep, sail	swoop	teeter, seesaw, totter	throw	thunder	turn	turn	vibrate	wallow, welter	wamble, waggle	whirl, tumble, whirl_around	wobble, coggle	writhe, wrestle, wriggle, worm, squirm, twist
Synset('advertise.v.02')	The salesman is aggressively <b>pushing</b> the new computer model.	applaud	commend	commend, recommend	compliment, congratulate	eulogize, eulogise	flatter, blandish	laud, extol, exalt, glorify, proclaim	puff, puff_up	rave, gush	salute	sonnet	troll
Synset('push.v.06')	She is <b>pushing</b> fifty.	bear_down_on, bear_down_upon	close	drive_up	edge_in, edge_up
Synset('push.v.08')	The guy hanging around the school is <b>pushing</b> drugs.	black_marketeer	deal	market	peddle, monger, huckster, hawk, vend, pitch	pyramid
Synset('crusade.v.01')	The liberal party <b>pushed</b> for reforms.	bill	plug	propagandize, propagandise
Synset('push.v.02')	He <b>pushed</b> her to finish her doctorate.	preach, advocate	rush, hurry
Synset('salt.v.03')	She <b>salts</b> her lectures with jokes.	
Synset('salt.v.02')	The rebels had <b>salted</b> the fields with mines and traps.	drizzle, moisten
Synset('lavish.v.01')	He was <b>showered</b> with praise.	fritter, frivol_away, dissipate, shoot, fritter_away, fool, fool_away	luxuriate, wanton	overspend	splurge, fling
Synset('shower.v.05')	He <b>showered</b> her with presents.	accommodate	board	cater	drench	feed	feed, give	feed	fix_up	gratify, pander, indulge	gutter	horse	meet, satisfy, fill, fulfill, fulfil	nourish, nurture, sustain	pander, pimp, procure	power	regale, treat	serve, help	serve, serve_up, dish_out, dish_up, dish	staff	underlay
Synset('whistle.v.05')	The kettle was <b>singing</b>.	bang	bleep	blow	blow	boom, din	boom, boom_out	buzz, bombinate, bombilate	chatter, click	chime	chug	clang, clangor	clangor, clangour	clank	click, tick	clop, clump, clunk, plunk	crack	crash	drone	drum, beat, thrum	glug	guggle	gurgle	honk, blare, beep, claxon, toot	hum, thrum	lap, swish, swosh, swoosh	make_noise, resound, noise	patter, pitter-patter	ping	pink, ping, knock	pop	rattle	resonate, vibrate	resound, echo, ring, reverberate	ring, peal	ripple, babble, guggle, burble, bubble, gurgle	roll	rumble, grumble	rustle	skirl	snap, crack	snarl	splash, splosh, slosh, slush	splat	squelch	tap, rap, knock, pink	thud, thump	tick, ticktock, ticktack, beat	ting	tinkle, tink, clink, chink	trump	twang	tweet, twirp	whish	whistle	whizz, whiz, whirr, whir, birr, purr
Synset('square.v.04')	He <b>squared</b> his shoulders.	aim, take, train, take_aim, direct	deploy	dress, line_up	orient
Synset('steamroller.v.02')	The new teacher tends to <b>steamroller</b>.	venture, embark	work
Synset('suck.v.02')	Mud was <b>sucking</b> at her feet.	deglycerolize, deglycerolise	milk	pump	rack	siphon, syphon, siphon_off	sluice	tap
Synset('swim.v.04')	The meat was <b>swimming</b> in a fatty gravy.	abound	accept, take	account	account_for	act	answer	appear, seem	bake, broil	balance	be_well	beat	begin	begin, start	belong	belong	belong	belong	breathe	buy	clean	cohere	come_in_for	come_in_handy	compact, pack	compare	confuse, throw, fox, befuddle, fuddle, bedevil, confound, discombobulate	connect	consist	consist, comprise	contain	contain, take, hold	continue	cost, be	count, matter, weigh	count	cover	cut	cut_across	deck, adorn, decorate, grace, embellish, beautify	depend	deserve, merit	disagree, disaccord, discord	distribute	diverge	draw	end, terminate	fall, come	fall	feel	figure, enter	fit	gape, yawn, yaw	go	gravitate	hail, come	hang	head, head_up	hold	hoodoo	hum, buzz, seethe	impend	incarnate, body_forth, embody, substantiate	iridesce	jumble, mingle	kill	lend	let_go	lie	litter	loiter, lounge, footle, lollygag, loaf, lallygag, hang_around, mess_about, tarry, linger, lurk, mill_about, mill_around	look, appear, seem	look	lubricate	make	make_sense, add_up	measure	mope, moon_around, moon_about	object	osculate	owe	pay	point	press	promise	prove, turn_out, turn_up	put_out	rage	range, run	rank	rate	recognize	relate, interrelate	remain	represent	rest	retard	run, go	run_into, encounter	rut	seem	seethe, boil	sell	sell	sell	shine	shine	sparkle, scintillate, coruscate	specify, define, delineate, delimit, delimitate	squat	stagnate	stagnate	stand	stand	stand_by, stick_by, stick, adhere	stay, remain, rest	stay, stay_on, continue, remain	stick	stink	subtend, delimit	suck	suffer, hurt	suffer	suit	swim	swing	tend, be_given, lean, incline, run	test	total, number, add_up, come, amount	translate	transplant	trim	underlie	want, need, require	wash	wind, twist, curve	work
Synset('swim.v.03')	My brain is <b>swimming</b> after the bottle of champagne.	abound	accept, take	account	account_for	act	answer	appear, seem	bake, broil	balance	be_well	beat	begin	begin, start	belong	belong	belong	belong	breathe	buy	clean	cohere	come_in_for	come_in_handy	compact, pack	compare	confuse, throw, fox, befuddle, fuddle, bedevil, confound, discombobulate	connect	consist	consist, comprise	contain	contain, take, hold	continue	cost, be	count, matter, weigh	count	cover	cut	cut_across	deck, adorn, decorate, grace, embellish, beautify	depend	deserve, merit	disagree, disaccord, discord	distribute	diverge	draw	end, terminate	fall, come	fall	feel	figure, enter	fit	gape, yawn, yaw	go	gravitate	hail, come	hang	head, head_up	hold	hoodoo	hum, buzz, seethe	impend	incarnate, body_forth, embody, substantiate	iridesce	jumble, mingle	kill	lend	let_go	lie	litter	loiter, lounge, footle, lollygag, loaf, lallygag, hang_around, mess_about, tarry, linger, lurk, mill_about, mill_around	look, appear, seem	look	lubricate	make	make_sense, add_up	measure	mope, moon_around, moon_about	object	osculate	owe	pay	point	press	promise	prove, turn_out, turn_up	put_out	rage	range, run	rank	rate	recognize	relate, interrelate	remain	represent	rest	retard	run, go	run_into, encounter	rut	seem	seethe, boil	sell	sell	sell	shine	shine	sparkle, scintillate, coruscate	specify, define, delineate, delimit, delimitate	squat	stagnate	stagnate	stand	stand	stand_by, stick_by, stick, adhere	stay, remain, rest	stay, stay_on, continue, remain	stick	stink	subtend, delimit	suck	suffer, hurt	suffer	suit	swim, drown	swing	tend, be_given, lean, incline, run	test	total, number, add_up, come, amount	translate	transplant	trim	underlie	want, need, require	wash	wind, twist, curve	work
Synset('taste.v.06')	The ex-slave <b>tasted</b> freedom shortly before she died.	relive, live_over
Synset('translate.v.02')	Braque <b>translated</b> collage into oil.	accelerate, speed, speed_up	acerbate	acetylate, acetylize, acetylise	achromatize, achromatise	activate	activate	activate, aerate	activate	adjust, set, correct	affect, impact, bear_upon, bear_on, touch_on, touch	affect	age	alchemize, alchemise	alcoholize, alcoholise	alkalinize, alkalinise	allegorize, allegorise	alter	Americanize, Americanise	angulate	animize, animise, animate	antiquate	antique, antiquate	archaize, archaise	arterialize, arterialise	ash	assimilate	automatize, automatise	automatize, automatise, automate	awaken, wake, waken, rouse, wake_up, arouse	barb	barbarize, barbarise	bestialize, bestialise	better, improve, amend, ameliorate, meliorate	blind	blister	blunt	blur	blur, blear	boil	break, break_up	break_down, crush	brighten, lighten_up, lighten	bring	bring, land	brutalize, brutalise, animalize, animalise	bubble	calcify	camp	capture	cause_to_sleep	centralize, centralise, concentrate	change_intensity	change_taste	charge	charge	chasten, moderate, temper	check, retard, delay	circularize	civilize, civilise	clarify	classicize, classicise	clean, make_clean	clear	clot, coagulate	cloud	coarsen	coarsen	cohere	color, colorize, colorise, colourise, colourize, colour, color_in, colour_in	commercialize, commercialise, market	communize, communise, bolshevize, bolshevise	commute, convert, exchange	complicate, perplex	complicate, refine, rarify, elaborate	condense, concentrate, contract	confuse, blur, obscure, obnubilate	constitutionalize, constitutionalise	contaminate	conventionalize, conventionalise	convert, change_over	convert	convert	cook	cool, chill, cool_down	corrupt, pervert, subvert, demoralize, demoralise, debauch, debase, profane, vitiate, deprave, misdirect	counterchange, transpose, interchange	crack	cry	customize, customise	damage	darken	de-emphasize, de-emphasise, destress	deaden	deaden, blunt	deaminate, deaminize	decarboxylate	decelerate, slow_down	decentralize, deconcentrate, decentralise	decimalize, decimalise	decorate, adorn, grace, ornament, embellish, beautify	decrease, lessen, minify	decrepitate	deflate	deform	dehydrogenate	demagnetize, demagnetise, degauss	demist, defog	democratize, democratise	demonize, demonise	demulsify	demythologize, demythologise	denationalize, denationalise	denaturalize, denaturalise	denaturalize, denaturalise	denature	denature	denature	deodorize, deodorise, deodourise	depersonalize, depersonalise, objectify	depolarize, depolarise	desensitize, desensitise	desensitize, desensitise	destabilize, destabilise	detransitivize, detransitivise, intransitivize, intransitivise	devalue	develop, make_grow	develop	devilize, devilise, diabolize, diabolise	digitize, digitise, digitalize, digitalise	dinge	dirty, soil, begrime, grime, colly, bemire	disable, disenable, incapacitate	discolor	disharmonize, dissonate	disintegrate	disorder, disarray	disqualify, unfit, indispose	dissimilate	dissolve	dissolve, dismiss	diversify	dizzy	domesticate, domesticize, domesticise, reclaim, tame	dope	draw	dry, dry_out	dull	dull, blunt	dynamize, dynamise	dynamize, dynamise	ease_up, ease_off, let_up	edit, redact	edit, cut, edit_out	embrittle	empty	emulsify	enable	end, terminate	equal, match, equalize, equalise, equate	eroticize, sex_up	estrange, alienate, alien, disaffect	etherealize, etherialise	etiolate	etiolate	Europeanize, Europeanise	Europeanize, Europeanise	evaporate, vaporise	even, even_out	excite, energize, energise	excite	extend, expand	exteriorize, exteriorise, externalize, externalise, objectify	fatten, fat, flesh_out, fill_out, plump, plump_out, fatten_out, fatten_up	feminize, feminise, effeminize, effeminise, womanize	fertilize, fecundate, fertilise	fill, fill_up, make_full	fix, prepare, set_up, ready, gear_up, set	flatten, drop	flocculate	freeze	Frenchify	full	gelatinize, gelatinise	glamorize, glamourise, glamourize, glamorise	glorify	habituate, accustom	harmonize, harmonise, chord	harshen	heat, heat_up	hue	humanize, humanise	humble	hydrogenate	immaterialize, immaterialise, unsubstantialize, unsubstantialise	immortalize, immortalise, eternize, eternise, eternalize, eternalise	inactivate, deactivate	incandesce	increase	indispose	industrialize, industrialise	inflate	inform	inseminate, fecundate, fertilize, fertilise	insulate	intensify	internationalize, internationalise	introvert	invalidate, void, vitiate	invert	iodinate	ionate	Islamize, Islamise	isomerize, isomerise	laicize, laicise	legitimate	lend, impart, bestow, contribute, add, bring	liberalize, liberalise	lifehack	lift, raise, elevate	liquefy, liquify, liquidize, liquidise	loosen, loose	loosen	louden	lower, depress	lubricate	magnetize, magnetise	make, get	make	make	mark	masculinize	masculinize, masculinise, virilize, virilise	mechanize, mechanise	mechanize, mechanise	militarize, militarise	militarize, militarise	mince, soften, moderate	mix, mingle, commix, unify, amalgamate	morph	muddy	mythologize, mythologise, mythicize, mythicise	nationalize, nationalise	nationalize, nationalise	naturalize, naturalise	naturalize, naturalise	nazify	neutralize	neutralize, neutralise	nick	normalize, normalise, renormalize, renormalise	obfuscate	obscure, bedim, overcloud	obscure, blot_out, obliterate, veil, hide	occidentalize, occidentalise, westernize, westernise	officialize, officialise	opacify	opalize, opalise	opsonize	orientalize, orientalise	ossify	outmode	oxidize, oxidise, oxidate	oxygenize, oxygenise	paganize, paganise	pall	parallel, collimate	patent	personalize, personalise, individualize, individualise	piggyback	plasticize, plasticise	poison, envenom	polarize, polarise	politicize, politicise	port	professionalize, professionalise	proof	prostrate	purify, purge, sanctify	put	radicalize	rarefy	rarefy, sublimate, subtilize	rationalize, rationalise	recombine	recommend	reconstruct	refine	reflate	reform, reclaim, regenerate, rectify	refresh, freshen, refreshen	relax, loosen	remodel, reconstruct, redo	restore, reinstate, reestablish	revolutionize, revolutionise, overturn	right, compensate, redress, correct	right	ripen, mature	romanticize, romanticise	round_off, round_down, round_out, round	rusticate	sanitize, sanitise	saponify	saturate	sauce	schematize, schematise	scramble	sensitize, sensitise, sensify, sensibilize, sensibilise	sensitize, sensitise	sensitize, sensitise	sentimentalize, sentimentalise	set	sexualize, sexualise	shade	shake	shallow, shoal	shape, form	sharpen	sharpen	shift	shorten	simplify	slenderize, slenderise	smut	sober	socialize, socialise	soften	solemnize, solemnise	solvate	spice, spice_up	spike, lace, fortify	sputter	stabilize, stabilise	stain	steepen	stiffen	still	straighten, straighten_out	strengthen, beef_up, fortify	string	substitute, replace, interchange, exchange	suburbanize, suburbanise	supercharge, pressurize, pressurise	supple	suspend	suspend, set_aside	sweeten	switch, change_over, shift	symmetrize, symmetrise	synchronize, synchronise	tame, chasten, subdue	tender, tenderize, tenderise	tense	territorialize, territorialise	thicken, inspissate	think	tighten, fasten	tone_down, moderate, tame	touch, disturb	transaminate	transfigure, glorify, spiritualize	transform	transform, transmute, transubstantiate	transform	transform	transform	transitivize, transitivise	transmute	transpose	turn	turn_back, invert, reverse	uglify	unclutter, clear	uniformize, uniformise	unite, unify	unite, unify, merge	unsanctify	unscramble	unsex	untie, undo, loosen	untune	urbanize, urbanise	urbanize, urbanise	validate	variegate	vascularize, vascularise	ventilate	verbify	vesiculate	visualize, visualise	vitalize, vitalise	vitrify	vivify	volatilize, volatilise	vulgarise, vulgarize	warm	weaken	weaponize	wet	widen	worsen, aggravate, exacerbate, exasperate
Synset('tug.v.02')	She <b>tugged</b> for years to make a decent living.	flounder
Synset('want.v.02')	This piano <b>wants</b> the attention of a competent tuner.	abound	accept, take	account	account_for	act	answer	appear, seem	bake, broil	balance	be_well	beat	begin	begin, start	belong	belong	belong	belong	breathe	buy	clean	cohere	come_in_for	come_in_handy	compact, pack	compare	confuse, throw, fox, befuddle, fuddle, bedevil, confound, discombobulate	connect	consist	consist, comprise	contain	contain, take, hold	continue	cost, be	count, matter, weigh	count	cover	cut	cut_across	deck, adorn, decorate, grace, embellish, beautify	depend	deserve, merit	disagree, disaccord, discord	distribute	diverge	draw	end, terminate	fall, come	fall	feel	figure, enter	fit	gape, yawn, yaw	go	gravitate	hail, come	hang	head, head_up	hold	hoodoo	hum, buzz, seethe	impend	incarnate, body_forth, embody, substantiate	iridesce	jumble, mingle	kill	lend	let_go	lie	litter	loiter, lounge, footle, lollygag, loaf, lallygag, hang_around, mess_about, tarry, linger, lurk, mill_about, mill_around	look, appear, seem	look	lubricate	make	make_sense, add_up	measure	mope, moon_around, moon_about	object	osculate	owe	pay	point	press	promise	prove, turn_out, turn_up	put_out	rage	range, run	rank	rate	recognize	relate, interrelate	remain	represent	rest	retard	run, go	run_into, encounter	rut	seem	seethe, boil	sell	sell	sell	shine	shine	sparkle, scintillate, coruscate	specify, define, delineate, delimit, delimitate	squat	stagnate	stagnate	stand	stand	stand_by, stick_by, stick, adhere	stay, remain, rest	stay, stay_on, continue, remain	stick	stink	subtend, delimit	suck	suffer, hurt	suffer	suit	swim	swim, drown	swing	tend, be_given, lean, incline, run	test	total, number, add_up, come, amount	translate	transplant	trim	underlie	wash	wind, twist, curve	work
Synset('wear.v.03')	He always <b>wears</b> a smile.	abound, burst, bristle	bear	brim	bristle	carry, pack, take	carry	carry	carry	give_off	imply, involve	possess	read, say	sport, feature, boast	star	unite, combine	wear, bear	wear
Synset('whistle.v.04')	Her optimism <b>whistled away</b> these worries.	advance, bring_forward	agitate, vex, disturb, commove, shake_up, stir_up, raise_up	beat, flap	blow	brandish, flourish, wave	center, centre	change_hands, change_owners	chase_away, drive_out, turn_back, drive_away, dispel, drive_off, run_off	circulate, pass_around, pass_on, distribute	circulate	dandle	disarrange	dislocate, luxate, splay, slip	displace	drag	drive	drop	engage, mesh, lock, operate	expel, throw_out, kick_out	exteriorize, bring_outside	flick, ruffle, riffle	fluctuate	funnel	glide	herd, crowd	hit, strike	hustle	jar, shake_up, bump_around	lateralize	launch, set_in_motion	lift	lift, raise	lower, take_down, let_down, get_down, bring_down	mobilize, mobilise, circulate	overturn, tip_over, turn_over, upset, knock_over, bowl_over, tump_over	play	pour	press_down, depress	propel, impel	pull, draw, force	pull, draw	pulse	pump	push, force	put, set, place, pose, position, lay	race, rush	raise, lift, elevate, get_up, bring_up	rake	relocate	rock, sway	roll, revolve	rout_out, drive_out, force_out, rouse	run	saltate	scan	send, direct	separate, disunite, divide, part	shift, dislodge, reposition	singsong	sink	slide	sling	slip	spill, slop, splatter	spill, shed, disgorge	station, post, send, place	stir	swing	take_back	transfer	transfer, shift	translate	translate	transmit, transfer, transport, channel, channelize, channelise	transport	transport, carry	transport, send, ship	tug	turn	turn, turn_over	turn	unseat	unwind, wind_off, unroll	uproot, extirpate, deracinate, root_out	upstage	wash	wedge, squeeze, force	wind, wrap, roll, twine	woosh, whoosh	work	work
Synset('bet_on.v.01')	Which horse are you <b>backing</b>.	play	raise	see
Synset('bounce.v.07')	The ex-boxers job is to <b>bounce</b> people who want to enter this private club.	evict	evict, force_out	exorcise, exorcize	show_the_door
Synset('buy.v.05')	I cant <b>buy</b> this story.	believe	believe_in	swallow	trust, swear, rely, bank	understand, infer
Synset('capture.v.01')	The painting seems to <b>capture</b> the essence of Spring.	animalize, animalise	draw	graph, chart	map	model, mock_up	paint	picture, depict, render, show	portray, depict, limn	portray, present	profile	sensualize, carnalize	silhouette	stylize, stylise, conventionalize
Synset('ferment.v.02')	Islam is <b>fermenting</b> Africa.	
Synset('flood.v.03')	The company planned to <b>flood</b> the market with tennis shoes.	air-cool, air-condition	alphabetize	arm	bed	berth	bewhisker, whisker	border, edge	bottom	brattice	bush	calk	canal, canalize, canalise	capitalize, capitalise	caption	causeway	charge	cleat	coal	computerize, computerise	constitutionalize	copper-bottom	corbel	cornice	costume	crenel, crenelate, crenellate	curtain	dado	date	equip, fit, fit_out, outfit	extend, offer	feed	fret	fuel	fuel, fire	fund	furnish	gate	glass, glaze	grate	hat	headline	headquarter	heat	hobnail	hydrate	index	innervate	interleave	joint, articulate	kern	key	leverage	machicolate	match	offer	partner	patch	pour	provision, purvey	pump	rafter	rail	railroad	ramp	reflectorize, reflectorise	retrofit	rim	sanitate	seat	seat	shelter	signalize, signalise	slat	step	stint, skimp, scant	stock	stock	stock, buy_in, stock_up	stock	subtitle	surfeit, cloy	tap	terrace, terrasse	theme	ticket	toggle	tool	top, top_out	transistorize, transistorise	tube	uniform	upholster	victual	water	wharf	wive	yield, give, afford
Synset('stimulate.v.03')	This could <b>fuel</b> the debate on creationism.	anger	draw	excite	hurt, wound, injure, bruise, offend, spite	infatuate	inflame, stir_up, wake, ignite, heat, fire_up	interest	invite, ask_for	overwhelm, overpower, sweep_over, whelm, overcome, overtake	prick	rekindle	shame	strike_a_chord, touch_a_chord	upset, discompose, untune, disconcert, discomfit
Synset('glow.v.04')	Make the peoples hearts <b>glow</b>.	anger, see_red	burn	chafe	cool_off	die	fly_high	fume	glow, beam, radiate, shine	harbor, harbour, hold, entertain, nurse	incline	pride, plume, congratulate	recapture	rejoice, joy	repent, regret, rue	sadden	smolder, smoulder	suffer	sympathize, sympathise	take_pride, pride_oneself
Synset('hack.v.02')	I cant <b>hack</b> it anymore.	fend	improvise, extemporize	meet, match, cope_with	scrape_along, scrape_by, scratch_along, squeak_by, squeeze_by, rub_along
Synset('harmonize.v.01')	The colors dont <b>harmonize</b>.	adhere	align	answer	befit, suit, beseem	coincide	consist	correlate	corroborate, underpin, bear_out, support	homologize	look	meet, fit, conform_to	parallel	pattern	resemble	rhyme, rime	square	twin, duplicate, parallel
Synset('infect.v.03')	The society was <b>infected</b> by racism.	bastardize, bastardise	lead_off, lead_astray	poison	sensualize, sensualise, carnalize, carnalise	suborn
Synset('juggle.v.02')	They tried to <b>juggle</b> an account so as to hide a deficit.	
Synset('level.v.01')	They wanted to <b>level</b> criticism or charges at somebody.	charge, level, point	draw_a_bead_on	hold	sight	swing	target, aim, place, direct, point	turn
Synset('lighten.v.03')	After a glass of wine he <b>lightened</b> up a bit.	exuberate, exult, rejoice, triumph, jubilate
Synset('mount.v.07')	They wanted to <b>mount</b> a theater production.	embattle	lay	sandwich	set_up	spatchcock
Synset('poison.v.01')	You should never <b>poison</b> someone's mind.	bastardize, bastardise	infect	lead_off, lead_astray	sensualize, sensualise, carnalize, carnalise	suborn
Synset('spell.v.02')	Im afraid this <b>spells</b> trouble!	aim	drive, get, aim	signify	typify, symbolize, symbolise, stand_for, represent
Synset('wallow.v.05')	You should <b>wallow</b> in your success!	have_a_ball, have_a_good_time	live_it_up
